feature,Aggressive scan,ICMP flood or fragmentation,Identity rotation and rotation flood,Normal,OS fingerprinting,Port scanning,Service detection,Slow request starvation,Stealth SYN scanning,TCP floods,UDP flood,Vulnerability scan
expiration_id,0.0,0.0,0.0,0.0,0.0,0.0,0.0,0.0,0.0,0.0,0.0,0.0
src_port,0.08883912029737973,0.001295061796667023,0.0,0.0,0.09131969010185284,0.13967213617443183,0.107408176563845,0.06483992288042953,0.1356566098403739,1.4861392819520906e-06,1.3191826645810034e-18,0.10668168970158234
dst_port,0.0011555521922654568,0.0,0.0,0.0,0.0010693458427928088,0.0039252417622563564,0.001028748419831109,0.00419222336839137,0.0013982099105226326,0.0,0.0,0.0025211758659298986
protocol,0.0,0.003570339244598125,0.0,0.0,0.0,0.0,0.020670990139983757,0.0,0.0,0.0,0.08101764575055789,0.06350723371008957
ip_version,0.0,0.0,0.0,0.0,0.0,0.0,0.0,0.0,0.0,0.0,0.0,0.0
bidirectional_duration_ms,0.0066717775157698845,0.0,0.0,0.0,0.008361986843977137,0.012242006591251724,0.010942410099668598,0.0,0.012032064520285818,0.0,0.0,0.01571871962185656
bidirectional_packets,0.0,0.0,0.0,0.0,0.0,0.0,0.00042601923927383423,0.0,0.00042601923927383423,0.0,0.0,0.0
bidirectional_bytes,0.004642897461904233,0.0,0.0,0.0,0.006554874757583464,0.0,0.0,0.0010020147226434642,0.0,0.0,0.0,0.0009099625730355778
src2dst_duration_ms,0.004482677576619942,0.016672270136900057,0.0,0.03960526161383575,0.004289456249365801,5.753983754638393e-05,2.2959891488611466e-05,0.013687500215899475,0.0,8.708078399446122e-05,0.0,0.000305776922020567
src2dst_packets,0.0,0.0,0.0,0.0,0.0,0.0,0.0,0.0,0.0,0.0,0.0,0.0
src2dst_bytes,0.034869736425090635,0.039214276132774416,0.05866793207237382,0.03275871271666065,0.04923282063006462,0.11223582174038203,0.05149868863339818,0.023663478579764592,0.08615398216962732,0.11463822005744187,0.07131647595958095,0.0857082527285079
dst2src_duration_ms,0.0,0.0,0.0,0.0,0.0,0.0,0.0,0.0,0.0,0.0,0.0,0.0
dst2src_packets,0.0010283528825894995,0.0,0.0,0.0,0.0009990244342139255,0.008545653829215235,0.0012345923281465647,0.013053581337852898,0.0016649360710755024,0.0,0.0,0.003616617533177335
dst2src_bytes,0.0,0.0,0.0,0.0,0.0,0.0,0.0,0.0,0.0,0.0,0.0,0.0
bidirectional_min_ps,0.014461627007025168,0.03682079081962732,0.0,0.0,0.019933234493923067,0.0001796384618388737,5.646051817054871e-05,0.0014151159126482395,0.0,2.465030494901136e-06,0.0,0.0012603115053261076
bidirectional_mean_ps,0.0,0.0,0.0,0.0,0.0,0.0,0.0,0.0,0.0,0.0,0.0,0.0
bidirectional_stddev_ps,0.0038768690621821863,0.0048332258949625164,0.0,0.00667687317798919,0.006925452279258004,0.00015386753868992946,2.974277577889245e-05,0.0033416336610767763,0.0,9.475572635780118e-06,0.0,0.00034495620847695873
bidirectional_max_ps,0.0,0.0,0.0,0.0,0.0,0.0,0.0,0.0,0.0,0.0,0.0,0.0
src2dst_min_ps,0.0,0.0,0.0,0.0,0.0,0.0,0.0,0.0,0.0,0.0,0.0,0.0
src2dst_mean_ps,0.0006168576476480044,0.007412483927893311,0.0,0.004890924209010582,0.0,0.0,0.0,0.0019688105953590573,0.0,1.1381861594045891e-06,0.0,1.4316404286485069e-05
src2dst_stddev_ps,0.0,0.0002758183319148759,0.0,0.0,2.512011970009796e-07,0.0002760932259201044,0.0,0.0,0.0,2.3692808224612475e-08,0.0,0.0
src2dst_max_ps,0.029036604463045426,0.04471611944363054,0.04222375071755414,0.04289558079554432,0.022388387614023494,0.0012917841991841998,0.004497528153298653,0.043751328270118774,0.0008192212242429458,0.08383105897079969,0.03420518259679832,0.01624588494563879
dst2src_min_ps,0.0,0.0,0.0,0.0,0.0,0.00010830564348929115,1.0338808750563665e-05,0.0,0.0,0.0,0.0,0.00011864445223985896
dst2src_mean_ps,0.0,0.0,0.0,0.0,0.0,0.0,0.0,0.0,0.0,0.0,0.0,0.0
dst2src_stddev_ps,0.0,0.0,0.0,0.0,0.0,0.0,0.0,0.0,0.0,0.0,0.0,0.0
dst2src_max_ps,0.006074251957006668,0.0,0.0,0.0,0.0019248410243313228,0.005406457835544457,0.003393793080215199,0.0,0.005197365563601058,0.0,0.0,0.0032388078399389233
bidirectional_min_piat_ms,0.01795938846035324,0.0,0.0,0.0,0.030093447630888212,0.04138229436134243,0.027954743485000547,0.0017503286936599795,0.046277097678370134,0.0,0.0,0.02964427419288865
bidirectional_mean_piat_ms,0.00262808288666367,0.0,0.00016578201909581733,0.0,0.0032614712954533035,0.005226086862640193,0.0032445574468674353,0.0,0.004236375341204533,0.00016578201909587354,0.0,0.004987274519688909
bidirectional_stddev_piat_ms,0.007671054094177312,0.0,0.0,1.682681771697503e-19,0.0003828327107889665,0.00698615281798204,0.014446450119786756,0.0051775355781150546,0.003804145726041894,0.028700756892779518,0.0,0.019019741882077553
bidirectional_max_piat_ms,0.0015475702022868787,0.0,0.0,0.0,0.0015895817654391691,0.0011901880549705923,0.0006172962067267881,0.0,0.0011167989681928252,0.0,0.0,0.0023864417780897883
src2dst_min_piat_ms,0.0,0.0,0.03325238384998767,0.0,0.0,0.0,0.0,0.0,0.0,0.03325238384998811,0.0,0.0
src2dst_mean_piat_ms,0.0,0.0,0.0,0.0,0.0,0.0,0.0,0.0,0.0,0.0,0.0,0.0
src2dst_stddev_piat_ms,0.0,0.0,0.0,0.0,0.0,0.0,0.0,0.0,0.0,0.0,0.0,0.0
src2dst_max_piat_ms,0.0,0.0,0.0,0.0,0.0,0.0,0.0,0.0,0.0,0.0,0.0,0.0
dst2src_min_piat_ms,0.0,0.0,0.0,0.0,0.0,0.0,0.0,0.0,0.0,0.0,0.0,0.0
dst2src_mean_piat_ms,0.0,0.0,0.0,0.0,0.0,0.0,0.0,0.0,0.0,0.0,0.0,0.0
dst2src_stddev_piat_ms,0.0,0.0,0.0,0.0,0.0,0.0,0.0,0.0,0.0,0.0,0.0,0.0
dst2src_max_piat_ms,0.0,0.0,0.0,0.0,0.0,0.0,0.0,0.0,0.0,0.0,0.0,0.0
bidirectional_syn_packets,0.0,0.0,0.0,0.0,0.0,0.0,0.0,0.0,0.0,0.0,0.0,0.0
bidirectional_cwr_packets,0.0,0.0,0.0,0.0,0.0,0.0,0.0,0.0,0.0,0.0,0.0,0.0
bidirectional_urg_packets,0.0,0.0,0.0,0.0,0.0,0.0,0.0,0.0,0.0,0.0,0.0,0.0
bidirectional_ack_packets,0.0,0.0,0.0,0.0,0.0,0.0,0.0,0.0,0.0,0.0,0.0,0.0
bidirectional_psh_packets,0.0,0.0,0.0,0.0,0.0,0.0,0.0,0.0,0.0,0.0,0.0,0.0
bidirectional_rst_packets,0.0,0.0,0.0,0.0,0.0,0.0,0.0,0.0,0.0,0.0,0.0,0.0
bidirectional_fin_packets,0.0,0.0,0.0,0.0,0.0,0.0,0.0,1.1533878236172357e-19,0.0,0.0,0.0,0.0
src2dst_syn_packets,0.004372060723330896,0.02387681056101671,0.09368059001380673,0.005290901101210177,0.002523206230991753,0.0016708609891927457,0.0004399839632385673,0.026671658961637413,0.0010664109974724033,0.08593963304738435,0.0,0.0013397674242816527
src2dst_ack_packets,0.0,0.0,0.0,0.0,0.0,0.0,0.0,0.0,0.0,0.0,0.0,0.0
src2dst_psh_packets,0.0,0.0,0.0,0.0,0.0,0.0,0.0,0.0,0.0,0.0,0.0,0.0
src2dst_rst_packets,0.0,0.0,0.0,0.0,0.0,0.0,0.0,0.0,0.0,0.0,0.0,0.0
src2dst_fin_packets,1.502098641995134e-06,0.00012136355241167501,0.0,0.0,2.1991323787781306e-05,7.8296015957982e-06,6.657491938533876e-05,0.0,0.0,8.723206757077186e-09,0.0,4.2137732683100206e-05
dst2src_syn_packets,0.0,0.0,0.0,0.0,0.0,0.0,0.0,0.0,0.0,0.0,0.0,0.0
dst2src_ack_packets,0.0,0.0,0.0,0.0,0.0,0.0,0.0,0.0,0.0,0.0,0.0,0.0
dst2src_psh_packets,0.0,0.0,0.0,0.0,0.0,0.0,0.0,0.0,0.0,0.0,0.0,0.0
dst2src_rst_packets,0.0,0.0,0.0,0.0,0.0,9.57951911697251e-21,0.0,0.0,0.0,0.0,0.0,0.0
dst2src_fin_packets,0.0,0.0,0.0,0.0,0.0,0.0,0.0,0.0,0.0,0.0,0.0,0.0
application_name,0.007146009881255089,2.820825670459775e-06,0.0,0.0,0.005254483225744269,0.0001462891158713116,1.0703108321505338e-20,0.012871674254626377,2.835739252465309e-20,0.0005067252389367631,0.0,4.899713801688161e-05
application_category_name,0.0,0.0,0.0,0.0,5.523323022527135e-05,2.2011821002792934e-05,5.3341052820392307e-20,6.002498980717599e-20,1.5057577648397608e-19,0.0,0.0,5.746504861777318e-05
application_is_guessed,0.004321468523465638,0.002790031809608218,0.03907394641524454,0.0,0.00010294160858800724,0.0035807974037604406,0.009271456291813777,0.006418050312082864,0.0030018453761648917,0.07911326623796942,0.06971321096254496,0.054526074560702936
application_confidence,0.0,0.0,0.0,0.0,0.0,2.0808719602017494e-19,5.3498600948581607e-20,2.55465136891897e-19,3.931334018091384e-20,0.0,0.0,0.0
requested_server_name,0.0,0.0005989872597541057,0.0,0.0,0.0,0.0,0.0,0.0005989872597541054,0.0,0.0,0.0,0.0
client_fingerprint,0.00019988621747722674,0.00019002833490351528,0.0,0.0,0.0,0.0,0.0,1.4229660508512646e-05,0.0,4.371777934794767e-06,0.0,0.0
server_fingerprint,0.0,0.0,0.0,0.0,0.0,0.0,0.0,0.0,0.0,0.0,0.0,0.0
user_agent,0.0,0.0,0.0,0.0,0.0,0.0,0.0,0.0,0.0,0.0,0.0,0.0
content_type,0.0,0.0,0.0,0.0,0.0,0.0,0.0,0.0,0.0,0.0,0.0,0.0
